_id,first_name,last_name,email,gender,Marks
1,Olimpia,Pitman,opitman0@tumblr.com,Female,9119
2,Cinderella,Pineaux,cpineaux1@columbia.edu,Agender,274
3,Pandora,Trelease,ptrelease2@deviantart.com,Female,82497
4,Bryan,Yelyashev,byelyashev3@soup.io,Male,75
5,Joletta,Treffrey,jtreffrey4@answers.com,Female,80
6,Ludwig,Hachard,lhachard5@plala.or.jp,Male,8
7,Harley,Yankin,hyankin6@e-recht24.de,Female,8929
8,Lucy,Cantor,lcantor7@jugem.jp,Female,46
9,Nolly,Ferrier,nferrier8@nymag.com,Male,68
10,Ransom,Haberjam,rhaberjam9@w3.org,Bigender,1373
11,Mireielle,Vass,mvassa@yandex.ru,Female,1394
12,Aurelea,Pace,apaceb@narod.ru,Female,166
13,Misty,Casely,mcaselyc@cdbaby.com,Female,3
14,Susi,Bastie,sbastied@stanford.edu,Bigender,8
15,Carmina,Bartomeu,cbartomeue@google.co.jp,Female,5595
16,Ansel,Stooke,astookef@eepurl.com,Male,5
17,Shepard,Judkins,sjudkinsg@squidoo.com,Male,803
18,Wright,Thomen,wthomenh@photobucket.com,Male,2
19,Caressa,Barnson,cbarnsoni@smugmug.com,Female,64138
20,Benedetta,Riseborough,briseboroughj@tiny.cc,Female,91425
21,Jolene,Baldery,jbalderyk@google.cn,Genderqueer,421
22,Corilla,Rollings,crollingsl@google.co.uk,Female,8899
23,Hale,Matteuzzi,hmatteuzzim@meetup.com,Male,5636
24,Woodman,Wickenden,wwickendenn@flavors.me,Male,7
25,Anderea,Forte,aforteo@chron.com,Female,455
